customer_id,name,email,phone,signup_date
C1000,Eric Mcintosh,fthomas@example.org,519-562-0382x6960,2022-06-10
C1001,Ashley Edwards,jhahn@example.org,881.475.1184x864,2021-06-29
C1002,Rachael Thomas,escott@example.org,(413)751-6430x870,2022-04-01
C1003,Michelle Mayer,jtaylor@example.org,638.219.6134x76440,2022-07-10
C1004,Veronica Carter,ortizchristopher@example.com,860.345.9907,2022-03-28
C1005,Daniel Irwin,elaine13@example.net,874.371.7752x678,2022-02-03
C1006,Trevor Perez,jamesmayo@example.com,001-575-372-4839x36334,2022-07-13
C1007,Kimberly Lawrence,moniqueluna@example.com,771-334-8284,2021-03-16
C1008,Devin Sampson,olsenkimberly@example.net,+1-827-585-6884x69880,2022-03-05
C1009,Kyle Stout,iblake@example.org,+1-726-777-7925x08872,2022-07-21
C1010,Stacey Anderson,alejandrotyler@example.net,471.445.1454,2021-12-11
C1011,John Gould,charles00@example.com,(555)919-8441,2022-02-19
C1012,Jessica Wilcox,clementsdeborah@example.com,+1-602-247-9641x6031,2021-07-26
C1013,Alfred Powell,rneal@example.org,477-416-3802,2021-06-30
C1014,Rhonda Pitts,rossjason@example.net,455-292-1215x773,2022-11-16
C1015,Nicholas Ramsey,hansenbrenda@example.net,788.683.1801,2022-05-31
C1016,Justin Miller,melissa17@example.org,(326)435-8529x86764,2021-11-19
C1017,Jack Melendez,jessica46@example.net,(653)895-0855x17545,2022-12-16
C1018,Bryan Tyler,cherylkeller@example.org,+1-516-857-1472x0093,2021-11-09
C1019,Jerome Miranda,bennettshannon@example.org,501.276.5532x26627,2021-12-14
C1020,Steven Ramirez,geraldhuffman@example.net,782-302-0371x14092,2021-04-30
C1021,Megan Martinez,stevensonhelen@example.org,577-655-6886x3498,2022-01-12
C1022,Jared Johnson,theodore72@example.net,+1-250-921-5014x90862,2021-07-10
C1023,Deborah Cox,nicholas43@example.org,234-793-2376x9687,2021-06-23
C1024,Melinda Estrada,carol81@example.net,677-938-1435,2021-08-04
C1025,Alicia Diaz,travis71@example.net,+1-585-617-6221x55259,2022-06-14
C1026,Connor Jones,floresvalerie@example.com,001-924-370-2041,2021-06-26
C1027,Robin Medina,wgiles@example.org,5605626228,2021-12-09
C1028,Robert Martin,ljoyce@example.com,9488303710,2021-04-14
C1029,Kelly Nelson,villegaswesley@example.net,248.490.1465,2021-09-09
C1030,Tiffany Ward,john78@example.net,(380)605-4788,2022-06-23
C1031,Destiny Burton,ypierce@example.net,417.866.8923x7785,2022-12-06
C1032,Robert Rivera,uatkinson@example.com,457-779-6908x043,2021-03-19
C1033,Jeremy Smith,lindseygray@example.org,3327158991,2022-11-05
C1034,Alan Moore,kclay@example.net,(635)998-5533x8584,2022-11-10
C1035,Dean Frye,ucervantes@example.net,368.907.3217,2021-03-17
C1036,Samuel Santiago,bakerrichard@example.net,001-340-863-4088x7652,2022-09-23
C1037,Jennifer Davis,vdixon@example.org,(396)224-2736x148,2022-03-27
C1038,Adam Ray,brendashepard@example.com,833-346-6194x888,2022-07-04
C1039,Mary Gomez,cguerra@example.com,(915)238-6531x200,2021-10-02
C1040,Shawna Smith,kberry@example.org,001-568-624-4113x80075,2022-12-17
C1041,Samuel Cantrell,autumnbonilla@example.net,(713)200-6570x783,2022-10-10
C1042,Jonathan Olsen,mtaylor@example.org,(799)436-5510,2021-01-06
C1043,Bruce Tran,khankeith@example.com,9468198147,2022-02-21
C1044,Travis Johnson,bhutchinson@example.com,001-583-729-1195x257,2021-06-05
C1045,Morgan Moore,christianbaker@example.net,001-392-865-0217x99528,2022-11-10
C1046,Michelle Ingram,owarner@example.net,001-338-884-9306,2021-02-04
C1047,Elizabeth Williams,alfred52@example.com,+1-227-207-0112,2021-07-06
C1048,Cole Richard,schroederregina@example.com,(417)630-8108x818,2021-06-04
C1049,Michael Gay,sandrapadilla@example.com,2452904816,2022-09-23
C1050,Teresa Gill,owatkins@example.net,+1-894-386-8561x816,2021-11-28
C1051,Jennifer Chase,hgonzalez@example.net,001-372-418-1327x45513,2021-09-19
C1052,Diana Brooks,kimberly49@example.net,402-980-0577x18050,2021-03-15
C1053,Benjamin Stone,lance71@example.com,475-559-5978x3080,2022-12-05
C1054,Heather Grant,johncolon@example.com,301-407-8824,2021-10-18
C1055,Jeanette Stone,meyerdiane@example.net,347.936.2786x852,2022-08-08
C1056,Christopher Gould,medinasophia@example.com,+1-827-603-4037x75678,2022-08-15
C1057,Lucas Ray,paulcunningham@example.net,(806)208-6898x31754,2022-06-05
C1058,Phillip Tran,mallory19@example.org,423.294.7935x903,2021-10-07
C1059,Jennifer Norman,nathanroberts@example.com,(560)720-0148x492,2021-09-26
C1060,Barbara Rubio,piercejohn@example.org,899-919-1094x155,2022-10-03
C1061,Heather Greene,munozdavid@example.org,001-718-444-8719x771,2022-03-03
C1062,Gina Carter,brenda23@example.com,001-381-522-7619,2022-03-09
C1063,Brenda Smith,jeffrey14@example.net,(320)478-2873x71893,2021-07-04
C1064,Hannah Davis,hreid@example.com,+1-913-460-3047x33527,2022-05-29
C1065,Jeremy Flores,tanyaperez@example.org,823-331-3115x0635,2022-09-23
C1066,Zachary White,carneylucas@example.net,001-316-834-0724x774,2022-04-20
C1067,Jacqueline Jones,rramos@example.net,(226)927-4874x84858,2021-08-30
C1068,Thomas Hart,kimberly90@example.net,+1-451-327-4868x75733,2021-05-08
C1069,Joshua Hall,christopherwest@example.org,(217)584-3401,2022-07-18
C1070,Gary Stewart,rlewis@example.net,9912732907,2022-02-27
C1071,Deborah Crawford,jennifer26@example.com,(918)845-8777x380,2021-04-18
C1072,Sarah Kelly,youngchris@example.com,874-490-7879x063,2021-08-11
C1073,Jennifer Schneider,flee@example.org,365-983-6130x108,2022-07-19
C1074,Nicholas Hanson,wsmith@example.org,+1-565-254-7539x23373,2022-01-30
C1075,Christopher Garcia,natashafrench@example.com,449-222-5706,2022-05-03
C1076,Dustin Hart,pamela79@example.net,924.709.5236x61459,2021-06-14
C1077,David Smith,schaefermelissa@example.net,(335)961-5476x15467,2021-04-15
C1078,Margaret Cook DDS,ggraham@example.org,279-491-4273x5514,2022-10-02
C1079,Robert Mcdonald,vdiaz@example.com,+1-491-641-8911x4644,2022-06-20
C1080,Jenna Klein,richroy@example.org,6538797628,2022-02-18
C1081,Jesus Smith,janderson@example.org,291-832-7991x188,2022-03-03
C1082,Joshua Smith,patricia10@example.org,271-431-5100,2021-04-09
C1083,Paul Acosta,vwells@example.net,3514595457,2022-08-05
C1084,Morgan Friedman,michael84@example.org,+1-600-920-2070,2021-02-09
C1085,Amanda Farrell,mjohnson@example.net,(415)942-9812x541,2021-08-29
C1086,Dana Gomez,dflores@example.com,500-511-5433x140,2021-02-17
C1087,Jamie Austin,nicholsjessica@example.net,+1-449-405-9872x0069,2022-05-21
C1088,Kara Sanchez,lisajenkins@example.net,001-255-571-8238,2022-06-23
C1089,Matthew Rogers,mckinneyjoe@example.com,(233)562-1884,2022-04-23
C1090,Megan Franklin,sayala@example.org,613-630-9547x95769,2021-12-23
C1091,Benjamin Turner,cpark@example.net,774.689.9306,2021-10-06
C1092,Loretta Peterson,daniel93@example.com,(511)443-9078,2022-04-16
C1093,Tammy Andrews,xweaver@example.com,+1-703-245-8201x9657,2022-11-13
C1094,Miss Beth Horn,hamiltoncindy@example.com,865.680.9055x775,2021-08-18
C1095,William Andrews,hcrosby@example.net,(455)233-0548x261,2021-10-07
C1096,Shawn Brady,wyoung@example.net,+1-541-399-3737x06230,2021-08-26
C1097,Austin Krause,denisecook@example.com,794-897-6435x44032,2022-11-11
C1098,Brenda Evans,brittanygeorge@example.com,550-628-7896x2931,2021-08-09
C1099,Terry Martinez,patriciagreene@example.org,(631)537-6571x937,2021-11-11
C1100,Tammy Pham,johnsonronald@example.net,(208)760-0016x0687,2022-09-18
C1101,Christian Powell,steven95@example.com,+1-540-205-2302x8793,2022-04-19
C1102,Megan Moore,jeffery00@example.org,607.443.6491,2021-01-31
C1103,James Mccoy,barrtracey@example.net,+1-902-492-3044,2021-09-04
C1104,Samuel Wilson,murraybrandon@example.org,410-458-0957x798,2022-05-08
C1105,Robert Powell,lutzryan@example.com,704.883.8038,2022-10-03
C1106,Billy White,carrillokimberly@example.net,6977503207,2021-06-11
C1107,Mrs. Kimberly Taylor,ashleyacevedo@example.org,2209209581,2022-11-30
C1108,Karen Goodwin,nprice@example.net,351-771-5615,2022-03-19
C1109,Vincent Price,baileyadam@example.net,(599)524-6376,2021-10-29
C1110,Laurie Park,ydougherty@example.net,910-720-3150x336,2021-07-17
C1111,Daniel Rodriguez,crawfordjonathan@example.net,9309251375,2021-09-17
C1112,Keith Smith,cassieoconnor@example.org,(339)277-8397,2021-05-09
C1113,Lisa Paul,ymarshall@example.org,592.659.1413x62924,2021-04-21
C1114,John Carter MD,john46@example.org,(995)910-1666x0791,2022-08-11
C1115,Matthew Williams,kellermorgan@example.com,001-872-433-2091x36140,2022-01-11
C1116,Melissa Johnson,leverett@example.org,391.725.8701,2021-03-11
C1117,Nicholas Bryant,gstafford@example.org,(847)971-8586,2022-03-04
C1118,Mrs. Veronica Johnson,pachecorichard@example.org,+1-307-680-4200,2021-02-22
C1119,Jennifer Carson,diana24@example.net,361-362-3744,2022-05-08
C1120,Julia Mcgee,norriskathleen@example.net,605.246.8598,2022-09-14
C1121,Mariah Jones,stephenchambers@example.net,526-547-8693,2021-07-24
C1122,Kaitlyn Castaneda,martinjohnson@example.com,(657)866-4420,2022-03-16
C1123,Alicia Rice,wwilliamson@example.net,001-709-407-6218,2021-03-01
C1124,Kevin Reynolds,salastroy@example.net,959-364-3926,2022-11-03
C1125,John Davis,jordangabriel@example.net,(295)399-0079x0903,2021-08-18
C1126,Caroline Sullivan,walkerjennifer@example.net,(333)231-2396,2022-04-25
C1127,Ashley Thomas,xcook@example.org,493.497.8075,2022-02-01
C1128,Traci Smith,rhonda42@example.org,577-214-7306,2021-04-30
C1129,Mr. Jeremy Rangel,tdavis@example.com,348-462-7343,2021-06-07
C1130,Sheila Le,amandazuniga@example.net,+1-250-700-0450,2022-01-23
C1131,Diana Gonzalez,thomasrandall@example.org,(696)285-0825,2021-04-20
C1132,Crystal Marquez,ajohnson@example.net,(568)501-1030x7868,2022-07-19
C1133,Kathy Perez,nicholasfrench@example.org,(298)554-1728x28820,2021-05-09
C1134,Latoya Fuller,glam@example.org,(268)510-4717x45189,2021-12-25
C1135,Patricia Shah,justin34@example.org,(264)276-1761,2022-08-09
C1136,Rebecca Cameron,schmittbrianna@example.org,001-633-641-4426x7523,2022-09-16
C1137,David Landry,richardsjoel@example.net,290.531.2349x2913,2022-08-11
C1138,Tammy Kirby,jeffreyparker@example.org,+1-986-966-0367,2022-12-24
C1139,Joshua Andrews,maryjohnson@example.com,2728102702,2021-03-08
C1140,Jackie Baker,micheal38@example.org,751-526-2598x67113,2021-02-27
C1141,Jessica Martin,pughdaniel@example.com,646-659-6657x967,2022-07-10
C1142,Crystal Hutchinson,robert05@example.net,001-412-909-2161x9646,2022-05-27
C1143,Dr. Sarah Chan,grayriley@example.org,+1-768-849-3507x536,2021-01-26
C1144,Daniel Gonzalez,toddflynn@example.org,232-291-8344,2022-06-27
C1145,Barbara Arnold,washingtoncandace@example.com,+1-227-649-7158x2072,2021-10-12
C1146,Kenneth Sullivan,xtorres@example.net,001-736-716-7589x37063,2022-04-07
C1147,Rhonda Bradshaw,cynthiareid@example.com,950.718.5810x240,2022-01-16
C1148,Wayne Crawford,michelle41@example.net,584.534.5869x5939,2021-01-24
C1149,Debra Valdez,wallacejeremy@example.com,+1-380-417-8406,2022-07-29
C1150,Brenda Boyd,ksims@example.net,3925038731,2021-10-11
C1151,Elaine Cortez,salexander@example.net,001-580-674-6016x783,2021-06-25
C1152,Danielle Vasquez,cthomas@example.org,960-321-1365,2022-07-17
C1153,Debra Weber,amccormick@example.org,848-720-2411,2022-02-16
C1154,Thomas Bush,davidvalenzuela@example.org,754-953-4136,2021-02-27
C1155,April Huff,njohnson@example.org,725.332.5377,2022-02-21
C1156,Jordan Sanchez,thompsondonna@example.com,+1-404-671-4661x9645,2021-01-21
C1157,Thomas Parker,maurice39@example.org,(564)202-0515x935,2022-05-19
C1158,Eric Ross,cynthiamonroe@example.com,+1-268-323-3703x96912,2021-02-10
C1159,Michael Adams,melissa64@example.net,(529)704-9064x1273,2021-09-20
C1160,Courtney Friedman,mackenziemitchell@example.org,+1-928-867-4259x33619,2022-03-20
C1161,Brittany Nicholson DDS,mmoran@example.com,677.316.8740,2021-03-03
C1162,Tom Harris,martin26@example.com,(954)406-9520x483,2022-11-04
C1163,Mario Green,millernicholas@example.net,985-415-3925,2021-04-11
C1164,Jon Brooks,greenemonica@example.org,274.372.6100,2022-10-20
C1165,Peter Ware,qhall@example.org,+1-563-865-7492x47194,2022-01-21
C1166,Richard Nunez,jeffrey65@example.org,772.786.4989x650,2022-04-30
C1167,Danielle Hart,piercesamantha@example.net,001-726-811-3043x481,2022-10-05
C1168,Anthony Costa,thomasclark@example.net,(689)595-6870x100,2021-03-13
C1169,Carmen Davis,combssheri@example.net,933-770-2424x0099,2021-05-14
C1170,Brandi Riley,rossjody@example.net,550-723-0888x6854,2021-01-30
C1171,Jenna Casey,gordonwayne@example.org,(207)243-8270x30804,2022-12-20
C1172,Robert Fitzpatrick,lisa58@example.net,+1-782-397-0872x3674,2022-12-03
C1173,Marvin Leon,xjones@example.net,490-951-1522x0342,2021-09-24
C1174,Benjamin Guerrero II,cynthiabutler@example.net,001-615-401-9857x530,2021-07-21
C1175,Charlene Kelly,preynolds@example.org,(321)449-5336x982,2022-09-22
C1176,Alan Richards,adamsloan@example.com,+1-427-733-6565x738,2021-05-09
C1177,Edwin Hall,derekgreen@example.org,(378)308-6723x776,2022-09-10
C1178,Mason Hamilton,coltonwilliams@example.com,+1-750-968-3509x7351,2021-05-13
C1179,Samantha Atkinson,uavery@example.org,001-212-754-6673x062,2021-05-26
C1180,Norma Cross,gregory13@example.org,001-257-584-1404,2022-02-28
C1181,Jackie Wilson,vgarrett@example.org,(749)310-5274x0607,2022-02-04
C1182,Charlene White,dchurch@example.com,(905)998-8213x5867,2022-09-15
C1183,Samantha Martinez,mcculloughzachary@example.org,(929)791-7043x67048,2022-10-15
C1184,Abigail Bernard MD,jenniferclark@example.org,963.838.6944x51550,2022-02-25
C1185,Sandra Ware,asullivan@example.net,(626)759-7300x977,2021-12-18
C1186,Christine Ramirez,paul13@example.com,(429)572-5797,2022-10-21
C1187,Patricia Nguyen,kshelton@example.org,(550)938-2694,2022-01-09
C1188,Garrett Martin,dperez@example.org,495-776-7878x5515,2022-09-04
C1189,David Garrett,munozdeanna@example.com,+1-883-462-0126,2022-03-03
C1190,Karen Arnold,leedawn@example.org,535-238-8096,2021-06-16
C1191,Brian Lopez,victoria32@example.net,209-538-6261x015,2021-07-31
C1192,Christine Edwards,lauralewis@example.org,001-778-278-9317x3819,2022-03-03
C1193,Courtney Valdez,john22@example.org,001-211-601-0775,2021-11-22
C1194,Kenneth Murray,michael56@example.org,+1-324-886-8426x310,2021-07-21
C1195,Patrick Zimmerman,jeremywest@example.net,(306)464-7232,2022-03-30
C1196,Greg Torres,fjones@example.org,456.213.2604x14723,2022-11-18
C1197,Eric Lewis,bhuber@example.net,+1-868-373-2391x3267,2021-11-24
C1198,Jeffrey Cooper,kyle12@example.net,6605328460,2022-11-23
C1199,Nicole Hayes,nicholas16@example.org,332.605.5146,2022-07-17
C1200,Donald Howard,jaytaylor@example.com,+1-292-239-3195x5285,2021-07-08
C1201,Bradley Davis,william42@example.org,763-283-1332,2022-03-10
C1202,Joshua Craig,nicolemiller@example.com,516-824-3987,2021-06-06
C1203,Marilyn Casey,emilymoore@example.com,(573)543-6627x735,2022-04-10
C1204,Michael Hodge,pstephens@example.net,460-751-4146x2109,2022-12-02
C1205,Michael Pearson,mendozamorgan@example.com,001-770-581-6173x95417,2022-05-30
C1206,Timothy Matthews,david77@example.net,001-454-905-6855x751,2022-12-01
C1207,Karl Taylor,natasha61@example.com,(902)803-2769,2021-01-16
C1208,Dawn Snyder,markpeterson@example.com,4896493536,2022-11-07
C1209,Kelly Rodriguez,sarahmorgan@example.com,277-746-6934x751,2021-05-07
C1210,Krista Munoz,aliciaallen@example.net,235-728-1310x450,2021-09-15
C1211,Laura Craig,bowmannicole@example.com,001-537-295-4369x51778,2022-12-18
C1212,Susan Jones,wstone@example.net,(936)524-4940x9381,2021-10-13
C1213,Matthew Gray,ywarner@example.com,+1-625-609-1340x0841,2022-05-31
C1214,Austin Mann,jenkinsnancy@example.com,811-895-4848x7469,2021-06-07
C1215,Dawn Thomas,zortiz@example.com,2364422988,2021-08-19
C1216,Kimberly Robinson,nelsoncynthia@example.org,(378)721-3312x96377,2022-04-01
C1217,James Yu,gonzaleznicole@example.net,302-602-2518,2021-02-20
C1218,Brittney Hamilton,lukemartin@example.com,940-929-8942x475,2021-12-30
C1219,Brandon Mclaughlin,traceyrobertson@example.com,374.666.2236,2021-06-21
C1220,Jordan Tyler,kristopher19@example.com,(673)601-3466x10356,2021-02-26
C1221,Kathryn Berry,fisheramanda@example.com,479.610.2516,2021-03-05
C1222,Linda Garrison,jose40@example.net,881-555-6180x85763,2022-02-27
C1223,Katherine Edwards,bernardbrown@example.net,001-660-478-2057x451,2022-06-12
C1224,William Dawson,kathryncoleman@example.org,286.648.0512x78741,2021-02-27
C1225,Jacqueline Gordon,megan33@example.com,479.911.0324x24280,2021-03-26
C1226,David Salazar,curryjennifer@example.com,7548663573,2022-04-08
C1227,Kayla Martin,kimberlymueller@example.com,487-745-7201,2021-11-09
C1228,Sonya Massey,hendersonstephanie@example.net,(392)863-7906x426,2021-07-25
C1229,Brenda Clarke,gsanders@example.net,+1-739-501-5448x9008,2021-07-17
C1230,Richard Ellis,tammylin@example.org,656.582.1690x67923,2022-12-20
C1231,Lisa Guerrero,heatherreynolds@example.org,818-591-7045x964,2022-05-23
C1232,Christian Jenkins,maxblack@example.com,+1-916-959-1510,2022-03-18
C1233,William Davidson,cochranlawrence@example.com,(816)870-5687x40022,2021-05-25
C1234,Tara Brooks,joshua26@example.com,001-854-886-0573,2021-08-04
C1235,Debbie White,jillramirez@example.com,+1-867-817-7426,2022-07-24
C1236,Brandon Payne,coxjames@example.net,323-492-5690x3066,2022-04-11
C1237,Sheila Mcclain,zblevins@example.net,630-915-5589x538,2021-09-23
C1238,George Baldwin,cweber@example.net,+1-392-238-8940x71074,2021-04-09
C1239,Kenneth Wolf,oscarrose@example.com,443-536-7841x111,2022-09-23
C1240,Sandra Spencer,samuel32@example.com,+1-226-472-2249x6780,2022-12-29
C1241,Lisa Guzman,adamsjulie@example.com,+1-490-702-8479x060,2021-03-26
C1242,Michelle Williams,fwolfe@example.net,238-561-3114,2021-01-30
C1243,Molly Carter,robert90@example.org,001-536-557-4441x3307,2022-09-26
C1244,Jessica Martin,vhughes@example.org,982.357.1104x9422,2022-10-14
C1245,Mindy Espinoza,walkerregina@example.org,(907)779-8481,2021-07-14
C1246,Jon Burton,johnlivingston@example.org,6317584192,2021-04-02
C1247,Michelle Wilson,joseph52@example.org,980-282-9106x22760,2021-01-24
C1248,George Levy,ashleycolon@example.net,+1-335-439-6471,2021-10-14
C1249,Brooke Hart,harveypatricia@example.org,+1-794-840-1412x5487,2021-07-30
C1250,Kimberly Campbell,alyssa42@example.net,907-798-0961x1355,2021-11-11
C1251,Natalie Hernandez,robert07@example.com,6243291860,2021-11-30
C1252,Tina Bauer,josephmontgomery@example.net,633-943-5489,2021-03-22
C1253,Jo Sanchez,paul71@example.net,949-370-6883x709,2022-06-30
C1254,Marie Briggs,shepherdbrian@example.net,(398)413-9057,2022-04-08
C1255,Elizabeth Gray,jared92@example.com,001-344-300-8388,2022-12-17
C1256,Jasmine Carter,yatestammy@example.net,521-323-3605x6527,2022-07-05
C1257,Michael Douglas,gutierrezwalter@example.com,+1-336-524-5836,2022-07-28
C1258,Patricia Salinas,chapmanscott@example.com,6476647925,2021-11-10
C1259,Michelle Hawkins,brandy92@example.net,256-906-8812x6543,2022-01-17
C1260,Elizabeth Torres,hpayne@example.org,6017174974,2022-07-11
C1261,Patrick Ramirez,qfowler@example.com,968-984-0810,2022-03-12
C1262,Jessica Terry,kturner@example.net,+1-280-404-9894,2022-07-28
C1263,Mike Blake,holtfelicia@example.org,(373)299-4065,2022-04-09
C1264,Michael Smith,christinawiggins@example.net,714.610.1388x5776,2022-09-24
C1265,Cynthia Bush,renee61@example.net,4922290305,2021-05-30
C1266,Stephanie Wolfe,roy90@example.org,+1-568-679-5403x28198,2022-07-15
C1267,Stacy Lyons,michaelkrause@example.net,+1-690-706-2687x9927,2021-01-06
C1268,Charles Hooper,tchen@example.org,934.654.6401,2021-06-01
C1269,Cheryl Gomez,brandonflores@example.net,(860)778-5171,2021-09-19
C1270,Kristie Ellis,alec73@example.org,835.757.4966,2022-02-22
C1271,James Mckinney,qwood@example.org,529.568.3626x7999,2021-12-08
C1272,Meredith Rivera,msmith@example.com,354-719-1329x89465,2021-09-29
C1273,Justin Saunders,amy77@example.com,+1-798-570-4508,2021-06-10
C1274,Randy Johnson,heathernelson@example.net,213.647.8317x040,2021-08-24
C1275,Lindsay Mcmillan,scottapril@example.com,929-988-6999x60743,2022-05-24
C1276,Lisa Logan,sle@example.net,695.561.5381x77409,2021-08-03
C1277,Anna Mcmahon,xtorres@example.org,+1-790-930-2417x3804,2021-10-23
C1278,Kristen Phillips,clarkmelissa@example.com,(859)666-2649,2021-09-06
C1279,Veronica Jones,thomas08@example.org,001-442-277-8865x93880,2021-09-08
C1280,Nicole Dalton,christopherbarton@example.org,823-282-1150x201,2022-07-17
C1281,Adam Pena,lauralee@example.net,781.332.7960x05748,2022-09-01
C1282,Richard Sellers,deborahwalters@example.com,297-290-0044,2021-09-12
C1283,Sabrina Norton,pamela20@example.org,2219252827,2021-04-23
C1284,Gary Williams,kathleenroach@example.net,001-906-439-3930x93502,2022-06-26
C1285,Emily James,lawrencelauren@example.net,001-435-879-3687x1916,2022-10-30
C1286,Jacob Wright,bateskelly@example.org,001-523-740-6933x88111,2021-01-30
C1287,Andrew Walker,jenniferwiley@example.com,412-255-2055,2021-08-20
C1288,Adriana Bowers,aday@example.com,324-705-5277x34115,2021-05-19
C1289,Elizabeth Clark,heidi46@example.com,(902)962-5717x47715,2022-03-10
C1290,Logan Johnson,nataliefisher@example.net,001-585-469-2621,2021-01-03
C1291,Dennis Romero,brookslindsay@example.net,+1-349-259-5129,2022-08-13
C1292,Sarah Cooper,greenjohn@example.net,(598)814-4279x82709,2021-11-25
C1293,Mary Lee,elizabethestrada@example.net,2219618799,2022-01-26
C1294,Michael Irwin,ashlee66@example.net,894-408-8983x8416,2022-12-09
C1295,Lindsey Lucas,brendali@example.com,+1-534-915-7031x8646,2022-06-06
C1296,John Mendoza,sheath@example.com,+1-564-263-9776x5295,2021-01-23
C1297,Joan Norton,nguyentraci@example.org,(591)228-9341x49144,2021-01-08
C1298,Valerie Cruz,kelly87@example.net,486.912.9710,2022-06-13
C1299,Bruce Beasley,sgarcia@example.org,925.668.9656,2022-12-04
C1300,Samantha Ware,rpotter@example.com,236-558-0573,2021-08-25
C1301,Manuel Richard,william50@example.com,587-482-6986,2021-01-26
C1302,Sonya Ibarra,njackson@example.net,(941)200-7868,2021-07-24
C1303,Roy Anderson,shawnsullivan@example.net,001-896-971-8295,2022-10-21
C1304,Sandra Davis,jthompson@example.net,425-720-5578x866,2021-01-26
C1305,Connor Holder,karenperez@example.net,383-293-5711,2022-09-24
C1306,Luis Farley,heather42@example.com,001-326-447-8111x027,2021-05-22
C1307,Michael Rodriguez,dodsondanielle@example.org,(980)293-1052x6811,2022-12-31
C1308,Diana Stephens,david96@example.com,(854)476-9618x6732,2022-05-31
C1309,Vanessa King,trhodes@example.org,574-880-2815x093,2021-01-28
C1310,Rose Padilla,douglaskayla@example.com,248-957-4610x05625,2022-11-01
C1311,Holly Taylor,ggiles@example.com,4814758350,2022-06-10
C1312,Kelli English,jessica17@example.org,(991)739-6368,2022-06-07
C1313,John Weeks,vanessa54@example.net,001-701-224-6152x436,2021-02-18
C1314,Ashley Edwards,eric02@example.com,878-971-0412x766,2022-05-06
C1315,Stephen Gonzalez,harrisontaylor@example.org,546-433-1149,2021-03-23
C1316,Amber Acosta,haynesheather@example.net,(364)977-1717,2022-10-02
C1317,Stephanie Anderson,bryan77@example.net,+1-761-744-7826,2021-02-07
C1318,Mckenzie Cox,robertmartin@example.org,+1-252-428-2369x1508,2021-05-08
C1319,Christina Burns,john85@example.com,936.407.1393,2021-06-20
C1320,Morgan Olson,morganroy@example.com,775.439.4440,2021-05-10
C1321,Carlos Hayes,castillochristine@example.net,001-908-529-6103x053,2021-05-08
C1322,Tristan Johnston,schwartzapril@example.org,(318)352-3227x7803,2021-01-30
C1323,Laura Smith,bartonrebecca@example.org,841-285-0557,2021-06-29
C1324,Donald Peterson,joshua07@example.org,705.919.8204x598,2021-07-12
C1325,Larry Clark,cvilla@example.net,+1-640-711-1658,2022-10-12
C1326,Emily Chandler,lsmith@example.net,(789)775-7206x8835,2021-09-09
C1327,Jose Anderson,xfernandez@example.org,901.911.8351,2021-11-10
C1328,Mark Stanton,jrichardson@example.org,445-722-8985x9861,2022-10-30
C1329,Dustin Marquez,hollygomez@example.net,(496)220-8059x40233,2021-10-29
C1330,Justin Long Jr.,anthony37@example.com,4517321227,2021-11-03
C1331,George Castaneda,adambailey@example.net,415-752-3165,2022-10-24
C1332,Terri Morton,brenda26@example.net,(219)938-5101,2021-06-27
C1333,Max Johnson,tyler12@example.org,351.351.8789,2022-07-07
C1334,Lisa Walker,kaylabrennan@example.org,001-505-402-3902x65709,2021-09-11
C1335,Sally Lee,maryortiz@example.net,+1-444-257-4036,2021-05-15
C1336,Timothy Howard,paulpoole@example.net,001-952-410-5100x958,2021-09-17
C1337,Mark Williams,april18@example.org,(548)279-1937x4084,2021-06-16
C1338,Brandon Atkinson,kennethespinoza@example.com,+1-268-814-3955,2022-01-01
C1339,Carlos Schmitt,hilljohn@example.net,+1-893-784-5358,2022-09-15
C1340,Andrew Wood,gfox@example.com,272-978-5744x22832,2021-07-21
C1341,Samuel Velez,vrodriguez@example.com,(458)291-8618,2021-07-13
C1342,Juan King,shanehernandez@example.net,305-748-3662,2022-06-22
C1343,Claire Molina,nmcgrath@example.net,001-223-394-0076x0814,2021-01-30
C1344,Ashley Solis,dustin94@example.net,853-607-0875x177,2022-07-31
C1345,Mark Stanley,zmiller@example.net,510.780.6012x45209,2022-11-03
C1346,John Moore,ybarrett@example.org,+1-777-710-9498,2021-07-09
C1347,Catherine Becker,kpeterson@example.net,601.952.1906,2021-03-14
C1348,Jacob Powers,cooperjaime@example.net,001-823-889-3872x25615,2022-07-29
C1349,Darrell Carney,lewischeryl@example.com,(293)409-2841,2022-03-19
C1350,Joshua Johnson,christina07@example.com,917-239-2990,2021-10-06
C1351,Mr. Bradley Leblanc,johncampbell@example.net,(375)411-7300,2021-05-03
C1352,Mr. James Summers MD,lunamichelle@example.net,+1-625-928-5959x2625,2022-06-01
C1353,Albert Marshall,braunchristina@example.net,(545)595-8878x205,2022-02-22
C1354,Kyle Barker,melissasmith@example.org,242-481-5961,2022-06-05
C1355,Kimberly Bush,xmcguire@example.net,001-460-913-5434,2021-03-14
C1356,Judy Thompson,pparsons@example.net,+1-622-786-6617x177,2021-10-21
C1357,Roberto Schmitt,kimchen@example.org,887-976-6984,2022-04-01
C1358,Matthew Lee,amyfoster@example.org,+1-429-893-2976x8583,2022-12-22
C1359,Katherine Smith,moorebrandon@example.org,780.259.3862x146,2021-08-23
C1360,Barbara Simpson,davenportjames@example.com,(467)480-1295,2022-06-11
C1361,Steven Garcia,thomas87@example.net,417-985-6263,2021-01-02
C1362,Joshua Finley,johnsoncarolyn@example.org,(618)331-3399,2022-03-02
C1363,Melissa Dickson,wking@example.com,(848)551-6468x99403,2022-05-24
C1364,Brianna Martin,johnsonmegan@example.com,(578)448-9472x19386,2022-08-01
C1365,Emily Garcia,daltonsmith@example.net,509.680.8157x66785,2022-11-28
C1366,Michael Robinson DDS,ltran@example.net,+1-240-625-6781,2021-06-21
C1367,Ryan Morgan,jknapp@example.net,001-738-866-3039x44244,2021-10-30
C1368,James Harris,xadkins@example.net,559.207.7006,2021-02-23
C1369,Keith Ward,melaniejenkins@example.org,+1-298-864-2003x65337,2021-06-14
C1370,Laura Powers,cindypalmer@example.com,(374)565-0851,2022-10-14
C1371,Beth Gay,bryanramos@example.com,912.423.0481x827,2021-09-11
C1372,Christopher Hill,shellyjohnson@example.org,7913662702,2021-08-15
C1373,Diana Ward,michael42@example.net,+1-420-948-3446x11092,2022-06-11
C1374,Jason Sanchez,lindsay92@example.org,(268)452-1101,2021-04-25
C1375,Danny Saunders,johnrowe@example.com,808.540.7180x7453,2021-02-07
C1376,Tina Adams,fryelisa@example.com,(268)397-9122,2021-02-01
C1377,William Boyd,stephaniesantos@example.org,994-881-8754,2021-01-15
C1378,Tony Harris Jr.,smithbrendan@example.net,276-504-8181x68289,2021-09-20
C1379,Wayne Gonzalez,michael81@example.net,+1-575-957-9184,2022-03-19
C1380,Bobby Thompson,qcox@example.org,255.285.6589x08905,2022-05-14
C1381,Jake Smith,kendra23@example.org,+1-555-615-9575x3636,2021-01-18
C1382,Martin Shelton,udiaz@example.com,286.692.4169x446,2022-08-23
C1383,Sabrina Johnson,cassandra22@example.com,+1-842-207-5445x333,2021-12-21
C1384,Jonathan Meyers,richard14@example.net,+1-841-548-7615x405,2021-11-07
C1385,Austin Schneider,amyers@example.net,+1-292-255-8015x6184,2021-08-02
C1386,Melanie Spencer,randymitchell@example.org,+1-271-797-3255x4243,2022-08-19
C1387,Michael Townsend,sean82@example.com,884.436.3691,2022-09-07
C1388,Jacob Hernandez II,qrios@example.com,+1-726-736-7170x09917,2021-09-26
C1389,Scott Davis,sabrina02@example.net,(702)299-5225x1878,2021-06-29
C1390,Paul Morris,wespinoza@example.org,431.860.9718,2022-08-09
C1391,Whitney Gibson,johnadams@example.org,845.457.7130,2022-03-21
C1392,Paul Green,justin03@example.com,+1-813-897-1495x19104,2021-07-04
C1393,Darius Allen,fordkelly@example.com,(684)821-5629x946,2021-11-17
C1394,April Davis,amanda22@example.com,375.232.0857x6478,2021-06-21
C1395,Peter Wiley,haroldking@example.org,2323915520,2022-03-07
C1396,Thomas Jones,etaylor@example.com,438-492-6000,2021-09-23
C1397,Savannah Hubbard,uspencer@example.net,+1-882-558-0812x5273,2022-08-05
C1398,Cody Jackson,chelseadavila@example.org,(860)448-1031,2021-01-28
C1399,Christine Warner,lopezjohn@example.net,(687)604-5291,2022-02-03
C1400,James Garcia,henry91@example.net,001-948-266-2078,2021-10-20
C1401,Brian Lee,bartonbrenda@example.org,001-896-337-6482,2021-04-16
C1402,Edward Sheppard,cmiller@example.com,+1-234-769-7380x7116,2021-08-23
C1403,Amy Watkins,michaelwilliams@example.com,(970)588-4058x27694,2021-06-09
C1404,Ann Scott,lstokes@example.org,001-970-359-2862x027,2021-12-01
C1405,Alicia Jones,whitney20@example.net,8152123015,2022-05-27
C1406,Kathy Davies,hunteramber@example.com,+1-275-982-4882x49916,2022-07-31
C1407,William Ramos,cannonautumn@example.org,658.428.9512,2022-09-02
C1408,Robert Anderson,breweranna@example.com,(959)357-5677,2022-02-27
C1409,Tracey Shelton,mariohernandez@example.org,001-945-925-1114x8183,2022-12-24
C1410,Dana Ford,hjames@example.net,669-894-1124x9822,2022-04-30
C1411,Don Hill,griffinjohn@example.net,001-997-843-8090x38096,2021-02-14
C1412,Jane Shaw,xpeterson@example.org,001-483-933-9530x3838,2021-12-04
C1413,Jared Hall,jim11@example.com,(430)906-1553,2021-11-14
C1414,Stuart Gallagher,laura41@example.com,370-790-6016x880,2021-10-16
C1415,Jennifer Farley,ijensen@example.com,498-613-9739x53933,2021-09-10
C1416,Christian Lane,yrivera@example.com,(950)432-6569x962,2022-06-17
C1417,Laura Burton,stacy38@example.org,877.651.3426x1880,2022-03-24
C1418,David Williams,tbarr@example.net,376-204-4936x428,2021-02-17
C1419,Anna Wood,charlesparker@example.com,6397502788,2021-05-27
C1420,Alyssa Jackson,edwardsmary@example.net,793-388-2195,2022-07-28
C1421,Wayne Manning,hmullins@example.com,+1-810-314-1441,2022-12-28
C1422,Melissa Harper,maymichael@example.net,617.773.1511,2021-02-27
C1423,John Thomas,saraharellano@example.org,8704810621,2021-03-13
C1424,Kelly Bond,april96@example.org,001-889-925-6194x5017,2022-10-09
C1425,Alexander Watson,hweaver@example.org,(476)561-8654x4347,2022-05-14
C1426,Erin Fuentes,jamesvillegas@example.net,+1-575-875-3968x2767,2022-10-28
C1427,Karen Weber,cervanteskylie@example.net,+1-404-747-8995x26238,2022-02-12
C1428,Clayton Rivera,mcbridejackson@example.net,817.759.5720,2022-07-18
C1429,Monica Porter,karengross@example.net,(217)646-4271,2022-11-09
C1430,Kathy Lewis,mcgrathjennifer@example.com,+1-532-493-5867x8988,2021-06-15
C1431,Suzanne Lucas,jennifer54@example.org,(869)603-2499x7841,2021-09-25
C1432,Jennifer Marsh,portercrystal@example.org,487.714.2210x67637,2021-12-23
C1433,Darrell Walker,jenningsalison@example.com,001-214-813-3517x27902,2022-07-28
C1434,Shirley Griffin,lzimmerman@example.com,(959)461-6020,2022-10-17
C1435,John Logan,huynhwilliam@example.org,(441)998-7909x207,2021-06-12
C1436,Paula Jones,richard06@example.org,701.604.6507,2022-07-11
C1437,Stephanie Reese,brentrobinson@example.com,+1-876-779-8103x766,2021-12-29
C1438,Diane Cox,perkinscheryl@example.net,+1-977-931-5492x422,2021-03-20
C1439,Kimberly Conley,alanevans@example.org,424-408-3154,2022-01-06
C1440,Nicole Peters,robertmichael@example.com,(761)370-4308,2021-09-15
C1441,Kelly Long,heatherchan@example.com,499.989.5214,2021-05-21
C1442,Anthony Keller,angela81@example.com,952-319-8964x89722,2022-10-22
C1443,Bryan Clark,mark43@example.org,001-553-257-8219x18951,2022-05-01
C1444,Kathryn Gutierrez,vjoseph@example.net,(273)638-6110x5085,2021-03-12
C1445,Jacob Hughes,davidlee@example.org,258-435-0204x16373,2021-07-12
C1446,Angela Wood,ohoward@example.net,2344665156,2021-11-01
C1447,Jill Patterson,cruzgregory@example.com,849.931.0324,2021-06-05
C1448,Benjamin Juarez,madelinepope@example.net,566-604-4278,2022-08-18
C1449,Gail Smith,lmurphy@example.net,(772)300-8649,2021-01-03
C1450,Julia Shepherd,pattymckenzie@example.com,001-376-394-9716,2021-01-13
C1451,Michelle Taylor,uboyer@example.net,001-405-841-4241x490,2022-01-09
C1452,Ivan Valdez,qhill@example.com,297-311-3300,2021-01-07
C1453,Matthew Miller,portega@example.net,(207)597-6741,2022-07-09
C1454,Shannon Turner,edward27@example.org,(365)563-7341,2021-06-14
C1455,Christian Rodriguez,michael12@example.com,001-724-575-6984,2022-10-16
C1456,Judith Holmes,deannahall@example.net,+1-470-910-7425x782,2022-03-20
C1457,Jose Ruiz,cynthiamejia@example.net,527.938.7299,2022-08-07
C1458,Danielle Mcguire,qherrera@example.net,+1-591-843-0241x011,2022-07-25
C1459,Sarah Bowman,johnstonjulie@example.org,(355)784-1535x16299,2021-11-18
C1460,Emily Mitchell,lindsaysilva@example.net,+1-821-535-8151,2022-02-20
C1461,Paul Peterson,alanruiz@example.org,925-586-1709,2021-02-03
C1462,Nancy Taylor,kelleymary@example.net,(433)585-3454x57187,2022-07-08
C1463,Michael Turner,rebecca76@example.net,001-941-750-6757x08261,2021-10-25
C1464,Christina Perry,davisgary@example.com,3132042349,2022-03-01
C1465,Daniel Michael,glovertracey@example.com,288-252-5893,2022-07-31
C1466,Edward Long,walkerchristopher@example.org,241.640.7491,2021-02-05
C1467,Kristi Taylor,adkinsjoshua@example.net,857.794.7050x90316,2022-06-19
C1468,Pamela Burnett,martha04@example.net,+1-396-681-6663x999,2021-08-15
C1469,Steve Davis,kathleen40@example.org,809-306-3774x1602,2022-08-05
C1470,Victor Washington,fhernandez@example.org,671.807.4520x49802,2022-04-28
C1471,Stephanie Hansen,ryan69@example.com,(798)684-0451x5314,2021-10-16
C1472,Patricia Taylor,amandajohnson@example.net,(540)805-3639,2022-01-01
C1473,Cynthia Smith,mezajacob@example.org,+1-807-774-8367x53765,2021-06-11
C1474,Ronnie Miller,deniselowe@example.com,001-886-225-5139x68324,2022-01-30
C1475,Anthony Kennedy,meghanbowman@example.org,283-269-7108,2022-10-09
C1476,Timothy Hamilton,amandabarr@example.org,001-263-591-5531x3088,2021-06-11
C1477,Jared Myers,arianacook@example.org,908.971.3529x6577,2021-06-03
C1478,Derek Johnson,bbrown@example.net,(437)672-4754,2022-08-05
C1479,Richard Gonzalez,swilliams@example.net,001-232-581-9790x49806,2022-12-19
C1480,Sarah Drake,catherinepatel@example.org,(741)405-6692,2022-12-05
C1481,Ronnie Johnson,ychapman@example.org,691.576.1372x2967,2022-05-15
C1482,Kimberly Delgado,ashley34@example.com,875.613.3167x570,2021-07-22
C1483,Kim Huerta,connerheather@example.com,361.578.7870x7288,2021-12-14
C1484,Rachel Wright,wjones@example.com,(511)240-4721,2022-07-14
C1485,David Mayer,chernandez@example.org,001-722-253-6358,2022-09-12
C1486,Marc Smith,kevin69@example.org,589-930-3539x21473,2021-10-02
C1487,Juan Young,welchmichael@example.com,(421)205-2733,2022-06-24
C1488,Kimberly Smith,alisha70@example.net,001-263-686-5526x01463,2021-11-20
C1489,Ian Martinez,christopherhuffman@example.org,+1-661-715-8691x77578,2022-10-05
C1490,Destiny Brown,anthonygibson@example.org,(419)507-3766,2022-07-08
C1491,William Bond,richardbarker@example.net,245.454.5313,2021-02-28
C1492,Kenneth Cruz,sarah37@example.com,001-413-370-1644x7686,2021-04-24
C1493,Dr. Rebecca Skinner,lholt@example.net,+1-472-578-3983x32815,2021-07-28
C1494,Jennifer Brown,marissaguerra@example.net,001-447-738-7628x57719,2022-12-27
C1495,Deanna Guzman,laurawalker@example.com,614-484-2048x218,2021-09-06
C1496,Wayne Marks,edwardrollins@example.org,(906)988-8236x56378,2022-08-17
C1497,Amy Davis,lisalee@example.org,3959281555,2022-10-12
C1498,Rachel Andrade,langkaren@example.org,001-779-213-4363x5926,2021-10-03
C1499,Theodore Wood,donnaellis@example.org,253-596-4858x0848,2022-09-30
C1500,Nicole Allison,melanie04@example.org,001-657-395-4493,2021-11-07
C1501,Alexandra Oneal,charles70@example.com,+1-694-987-7913x81845,2021-11-26
C1502,Richard Randall,carriesmith@example.org,6323560594,2021-09-03
C1503,Charles Miller,ian42@example.org,855-684-6120x6451,2021-10-25
C1504,Audrey Hoffman,uellison@example.net,434.279.6159,2021-12-31
C1505,Patricia Taylor,sean78@example.org,7089411727,2022-07-30
C1506,Mr. Douglas Smith PhD,joseph26@example.com,+1-585-418-6911x467,2021-02-11
C1507,Kathryn Perry,robertsonshannon@example.net,482.511.3916x71119,2022-12-19
C1508,Dawn Maldonado,christopher36@example.net,+1-919-717-0679x82124,2021-06-07
C1509,Matthew Curtis,johnsontaylor@example.org,834.422.1255x1768,2022-12-03
C1510,Dawn Hobbs,xhernandez@example.net,(242)467-5810x9772,2022-05-22
C1511,Deborah Greene,david35@example.org,001-513-203-1526x31800,2022-06-24
C1512,Michael Sandoval,chelseymorgan@example.org,376.541.6462x233,2021-03-13
C1513,James Anderson,keithcain@example.net,+1-843-815-8298x766,2022-08-11
C1514,Brenda Berry,robertsdiane@example.net,001-257-256-1019,2021-01-16
C1515,Samantha Rodgers,graydonna@example.org,752-285-9581,2022-05-14
C1516,Erica Hansen,julie70@example.net,001-355-285-1616,2021-01-04
C1517,Brian Aguilar,jimmysmith@example.com,746-543-6591,2022-06-30
C1518,Michele Edwards,keithmartin@example.net,001-830-518-8948x02489,2021-11-28
C1519,Angel Wilson,robinmueller@example.com,913.785.4376x5964,2021-06-22
C1520,Lisa Friedman PhD,chandlerelizabeth@example.org,543-585-9977x25783,2021-05-26
C1521,Donna Burgess,barbara44@example.com,7528535415,2022-12-04
C1522,Marcus Martin,matthewlee@example.net,(925)739-6450x30225,2021-11-30
C1523,Wendy Hill,daltonbarron@example.net,+1-647-225-7444x0560,2021-09-25
C1524,Carlos Richards,mccanneric@example.org,626-502-0902x117,2022-08-22
C1525,Jason Martinez,nramsey@example.org,+1-281-880-0669x558,2021-10-02
C1526,Emily Gallagher,sylviasullivan@example.net,205-907-9171x192,2022-02-13
C1527,Kristin Hays,nelsonrebecca@example.com,001-824-933-1428,2022-12-21
C1528,Jeffrey Marquez,sethwhite@example.net,(429)852-7190x866,2022-12-30
C1529,Natalie Payne,sconner@example.org,+1-682-541-5909,2022-11-15
C1530,Natalie Williams,kerrjulia@example.org,+1-249-628-4272x01742,2022-09-24
C1531,Wayne Rodriguez,bwilliamson@example.net,+1-927-795-8791x018,2021-10-20
C1532,Kevin Knight,jclark@example.net,673-784-9220x0064,2022-01-13
C1533,Nancy Hamilton,ryanphillips@example.net,561-942-9034x5411,2021-12-26
C1534,Dakota Carson,brownjohn@example.com,+1-373-327-0216x88472,2021-03-22
C1535,Raymond Benitez,smithwillie@example.com,001-541-432-8756x4915,2022-02-05
C1536,Allison Smith,martinbrandon@example.net,315.887.7743x41889,2022-12-09
C1537,Jordan James,wwilson@example.org,+1-318-728-7780x992,2021-07-15
C1538,Kenneth Warren,ashleykeller@example.com,(274)660-0356x71903,2021-05-05
C1539,Robin Rush,leah20@example.org,+1-938-994-1279x550,2022-03-26
C1540,Andrew Merritt,robertluna@example.net,8846059312,2021-05-21
C1541,Taylor Hutchinson,james59@example.net,(890)691-7014x61844,2022-06-21
C1542,Mr. Edward Stein DDS,aflores@example.net,686-573-0191x351,2021-10-09
C1543,Robert Hunter,brownfrederick@example.org,001-742-981-7153,2021-10-28
C1544,Heather Garcia,chelseavelez@example.com,(356)342-7363x6310,2021-08-14
C1545,Caleb Perez,derek73@example.net,(933)821-1258x69869,2021-03-17
C1546,Robert Freeman,nicholasmiller@example.org,+1-568-955-6294,2022-01-13
C1547,Dr. Laura Lewis DVM,taylor27@example.net,+1-772-345-9213x63234,2021-10-09
C1548,Kathy Wright,cmartinez@example.net,722-258-6681x083,2021-08-27
C1549,Gabriel Gordon,heather16@example.org,795-482-6481,2022-10-21
C1550,Erica Murray,tcline@example.org,(586)771-3653,2022-04-02
C1551,Kristin Lee,trandeborah@example.com,949.852.2292x847,2021-12-01
C1552,Jared Andrade,christopherwillis@example.net,528-429-8352x3650,2022-04-26
C1553,Nicholas Travis,mkennedy@example.com,001-940-916-2565x841,2022-06-16
C1554,Dr. Cesar Haney,gwendolynjenkins@example.com,987-316-8161x201,2022-11-24
C1555,Christopher Crawford,trice@example.com,(699)915-2813x771,2022-09-11
C1556,Micheal Murray,chelsea54@example.net,902.623.7701x459,2022-05-29
C1557,Heidi Warren,brookstammy@example.com,540-419-4102x64952,2022-11-22
C1558,Elizabeth Oneill,kyle55@example.net,(685)540-0105x47943,2021-01-19
C1559,Michael Turner,rachelgraves@example.org,414-260-8463x70586,2022-09-29
C1560,Mariah Owens,pearsonjohn@example.org,639-497-2351,2021-02-17
C1561,Justin Fowler,lindacox@example.net,+1-854-734-8986,2022-10-22
C1562,Cynthia Smith,andrealewis@example.net,+1-990-713-4303x30915,2022-08-15
C1563,Katie Munoz,uroberts@example.com,(758)264-9141x538,2021-01-24
C1564,Donna Lowe,danielle14@example.net,343-387-5326x564,2021-01-25
C1565,Julia Price,jorgedixon@example.com,+1-788-784-6430,2022-05-23
C1566,Margaret Lopez,elizabeth26@example.com,392.791.1717,2021-06-17
C1567,Robert Butler,robert40@example.net,001-735-767-9425x8659,2022-05-03
C1568,Christina Scott,christopher86@example.org,+1-426-448-2411x356,2022-03-29
C1569,Mario Vasquez,jbush@example.org,(460)522-2421x153,2022-03-07
C1570,Bobby Johnson II,chase14@example.net,8794710400,2021-04-14
C1571,Teresa Reed,zmolina@example.com,503.970.0870x05342,2021-07-14
C1572,Derrick Reyes,michellepage@example.net,366.274.6537x183,2021-05-09
C1573,Adrian Wu,collinscarol@example.net,001-203-733-1565x56558,2022-04-27
C1574,Crystal Cobb,griffithrobert@example.net,793-708-0804x810,2022-05-01
C1575,Theodore Douglas,ricardo29@example.org,+1-974-441-5866,2022-05-02
C1576,Manuel Beck,kathryn71@example.org,(336)930-7130x7995,2021-10-27
C1577,Heather Rivera,markbutler@example.net,994-746-0288x371,2022-11-14
C1578,Elizabeth Davis,marybradley@example.com,436-887-9872x8614,2021-04-02
C1579,Michael Grant,hcampbell@example.com,845.378.9497,2022-04-15
C1580,Brandon Wise,pattersonedward@example.org,813.660.8085x528,2021-01-17
C1581,April Smith,fcunningham@example.net,908-922-5707x049,2021-02-06
C1582,Wesley Choi,carl97@example.net,(950)577-9591x3454,2022-09-21
C1583,Steve Hardy,karen22@example.org,+1-652-524-0297x95493,2021-02-16
C1584,Carolyn Parker,mccoychristopher@example.net,5963215407,2021-09-15
C1585,Jorge Harmon,stephaniealvarez@example.com,5393421641,2022-01-28
C1586,David Johnson,ogonzalez@example.org,6798142751,2022-09-26
C1587,James Cantrell,aallen@example.com,2058381562,2021-08-24
C1588,Karen Stokes,jthomas@example.com,567-839-3575x6916,2021-03-09
C1589,Keith Hansen,fuentesstephen@example.com,453.710.5949,2021-01-15
C1590,Jennifer Clark,aevans@example.org,9493379754,2022-11-27
C1591,Jennifer Barnes,bradleyroberto@example.com,5949303041,2021-02-02
C1592,Dale Juarez,derek37@example.com,7898933273,2021-09-02
C1593,Steven Wilson,sharprita@example.com,(475)805-9824,2021-02-23
C1594,Derrick Edwards,jeffrey98@example.net,478.724.2729x74387,2022-08-10
C1595,Misty Castro,patriciaschneider@example.net,426-779-6702x100,2022-01-26
C1596,Patricia Rice,martinmelissa@example.net,001-389-965-7380x2348,2022-04-22
C1597,Courtney Carson,michael94@example.org,+1-815-226-0084,2022-01-02
C1598,Julia Price,jameshenry@example.net,001-487-294-0151,2022-04-27
C1599,Debbie Stevens,chelseawhite@example.com,(293)554-7505,2022-09-11
C1600,Ryan Page,davidboyle@example.org,+1-713-470-5739x77493,2021-08-29
C1601,Megan Weber,richard42@example.org,700.696.1304,2021-11-09
C1602,Jennifer Carter,lbaker@example.org,982.718.4311,2021-03-27
C1603,Edward Ellis,anthony27@example.net,213.837.4803,2021-06-23
C1604,Alexander Brown,hbridges@example.com,+1-872-947-7421x391,2022-09-06
C1605,Joshua Valdez,isaac97@example.net,001-947-826-6684x2859,2022-08-04
C1606,Ashley Brown,smithmatthew@example.net,666.563.4691x084,2021-12-19
C1607,Deborah Williams,rscott@example.org,001-323-449-1093,2021-03-25
C1608,Miss Alexandria Rodriguez,randallmartinez@example.com,001-783-420-1246x8598,2021-05-28
C1609,Ian Hughes,john62@example.org,(314)706-2224x095,2021-08-13
C1610,Theresa Griffin,moyershari@example.com,582.358.0073,2022-11-04
C1611,Timothy Boyer,eprice@example.com,365.494.4283x508,2021-12-25
C1612,Michael Simpson,joe22@example.net,(728)614-3351,2021-08-23
C1613,Heather White,preese@example.com,692-522-2261x364,2022-08-25
C1614,Tyler Murphy,denisebrady@example.net,375.859.9349x60240,2021-07-15
C1615,Tanya Frank,dsanchez@example.org,(938)520-5771,2021-03-21
C1616,Selena Valenzuela,owendennis@example.org,001-937-814-9816x72008,2021-04-24
C1617,Daniel Crawford,aanderson@example.net,+1-427-258-3485x588,2021-04-08
C1618,James Fox,imiller@example.com,001-747-312-5048x899,2022-01-01
C1619,Luis Anderson PhD,shortsarah@example.org,597.652.0886x056,2022-07-18
C1620,Melissa Chase,debbiehendricks@example.com,+1-289-488-0079x0354,2022-08-11
C1621,John Bishop,knappsusan@example.net,001-520-850-8341,2021-05-16
C1622,Mrs. Bridget Smith,millerkelli@example.net,728-261-7696x474,2022-03-17
C1623,Daniel Cline,victoriamiles@example.net,+1-811-828-1004x3151,2022-07-27
C1624,Janet Bailey,oweiss@example.net,001-344-632-5783,2022-04-23
C1625,Walter Burke,jordan97@example.com,001-520-292-7669x67968,2022-01-11
C1626,Michele Jordan,cherylscott@example.org,3005215313,2021-05-16
C1627,Mr. Eric Smith,johnsonangelica@example.com,001-227-567-5302x0690,2022-06-23
C1628,Jennifer Johnson MD,douglascarter@example.org,8289652503,2022-01-15
C1629,Bethany Ruiz,awright@example.org,001-693-427-7810x21706,2022-10-27
C1630,Linda Miller,davidrussell@example.org,(457)624-7370,2022-05-05
C1631,Brian Williams,hrobinson@example.com,841.674.0283x3016,2022-11-16
C1632,Curtis Murphy,griffinmichael@example.com,559.995.6272x303,2022-09-18
C1633,Kristine Mcdowell,dsimmons@example.org,296.524.0361x8683,2022-09-06
C1634,Jamie Mullen,renee41@example.org,990-235-2288,2021-04-24
C1635,Kimberly Johnson,williamsjennifer@example.com,249-438-7621x32298,2022-10-11
C1636,Mark Fowler,heather17@example.com,+1-869-954-2483x048,2022-04-19
C1637,Sandra Fischer,marycarter@example.org,+1-458-736-7280x33039,2021-09-14
C1638,Joel Lopez,llucas@example.com,645.360.5161,2021-04-01
C1639,Mark Ruiz,thomas01@example.com,249.803.6543,2022-09-12
C1640,Michael Marsh,dawn59@example.com,307-524-4774x550,2021-03-25
C1641,Clinton Bernard,mrowe@example.net,739-632-3645x362,2021-05-13
C1642,Sally Padilla,rharrison@example.com,001-573-271-6614,2021-05-26
C1643,William Bauer,michael27@example.org,+1-810-244-5611x31086,2021-01-01
C1644,Taylor Carrillo,austinroman@example.net,001-958-851-1259,2022-02-23
C1645,Tyrone Phillips,daniel83@example.com,(769)651-1917x483,2022-11-21
C1646,Steve Wang,davislauren@example.net,(574)913-9355,2021-04-21
C1647,Harold Walters,istewart@example.net,536.278.7157,2022-10-07
C1648,Jeffrey Fisher,chennicole@example.net,532-518-4686,2022-10-04
C1649,Amanda Brown,adamgray@example.net,(670)955-9870x9798,2022-09-24
C1650,Natalie Francis,lacey86@example.org,+1-559-295-6833,2021-09-17
C1651,Sabrina Pollard,tonibright@example.org,544-932-0348,2021-11-02
C1652,Austin Rivera,julie69@example.org,307.259.1513,2022-01-02
C1653,Lauren Smith,reeserobert@example.com,+1-488-832-8627x32298,2021-04-23
C1654,Cathy Hill,zburch@example.com,(530)261-1331x34876,2022-08-12
C1655,Robert Mcgee,kelly72@example.org,818.686.9520x07832,2021-01-01
C1656,Lauren Dean,leemary@example.com,(621)907-1322x574,2022-06-12
C1657,Robin Douglas,darlenesweeney@example.org,9467881392,2021-04-18
C1658,John Lopez,bauertiffany@example.net,001-539-682-3935x5098,2022-11-20
C1659,Ronald Cameron,mcdanieldawn@example.org,001-892-765-8444,2022-11-27
C1660,Mrs. Susan Chang,lestes@example.net,(358)355-6925x1130,2021-04-05
C1661,George White,wburnett@example.org,+1-959-919-5879,2021-09-18
C1662,Annette Pena,hutchinsonvanessa@example.net,(295)723-2559x12688,2022-02-08
C1663,Justin Thompson,stephanie27@example.org,(588)503-6151,2021-06-11
C1664,Lauren Flores,paulpark@example.net,347-452-2868,2022-09-14
C1665,Troy Williams,margaret61@example.net,907-927-2222,2022-05-06
C1666,Kyle Kelly,tyler37@example.com,2144000599,2022-09-22
C1667,Brandon Hernandez MD,morgan74@example.net,001-459-460-3524x15283,2022-02-18
C1668,Linda Williams,cookgeorge@example.org,482-988-9916,2021-12-01
C1669,Rachel Gonzalez,jasminedaniel@example.org,5775709878,2022-01-04
C1670,Christine Christensen,heather17@example.com,558-439-5740x5463,2021-12-09
C1671,Patricia Merritt,adam78@example.net,(575)565-6594,2021-07-27
C1672,John Campbell,wilsonkiara@example.com,001-826-808-3667,2022-11-28
C1673,Robert Reynolds,michaelwarren@example.org,(340)356-2958,2021-07-17
C1674,Amber Knapp,steven35@example.org,274.340.8013,2022-12-13
C1675,Edward Ramos,jacqueline10@example.com,775.596.4371x23372,2022-07-23
C1676,Donna Powell,ejordan@example.com,679.496.9771,2022-11-29
C1677,Karen Mitchell,allison61@example.org,001-276-636-1281x85982,2021-08-08
C1678,Kimberly Herring,huberbryan@example.com,(387)988-3526x6158,2022-04-09
C1679,Jorge Sparks III,donnagibson@example.com,(508)895-3512x3960,2022-06-01
C1680,Patricia Mcdonald,michael57@example.org,9662433894,2022-03-11
C1681,Angela Hicks,michaelascott@example.net,321-458-0558x81673,2021-12-03
C1682,Stephen Bradley,ashleyyoung@example.net,+1-270-441-7549x8608,2021-11-04
C1683,Dr. Anthony Molina,cynthia54@example.com,001-397-532-2562x64778,2022-12-19
C1684,Alexandra Blankenship,madison97@example.org,+1-606-866-4956x166,2021-10-11
C1685,Michelle Cruz,lmcclain@example.net,+1-668-266-2165x535,2022-06-15
C1686,Kyle Yoder,diazdaniel@example.org,(982)423-7298x8600,2022-04-10
C1687,Adrian Mcknight,dicksonkelly@example.com,299-333-1965x466,2022-12-10
C1688,Bernard Liu,dcervantes@example.net,+1-801-430-5704x379,2022-05-07
C1689,Brandon Miller,jamesramirez@example.net,+1-921-396-0203x2862,2021-11-12
C1690,Rachel Gutierrez,jessejohnson@example.org,248-283-3156x207,2022-11-08
C1691,Michael Johnson,rbrown@example.net,960-969-7050x781,2022-11-02
C1692,David Sanchez,moorekatherine@example.net,523-664-3980x3373,2022-07-07
C1693,Tonya Steele,hoovererica@example.com,949-706-6615x98290,2022-01-17
C1694,Blake Jackson,wparsons@example.org,+1-915-291-3718x03390,2022-09-11
C1695,Faith Rodriguez,canderson@example.org,752-506-3742x3586,2022-04-08
C1696,Lynn Reynolds,marytorres@example.com,724-777-9565x623,2022-11-29
C1697,Laura Torres,hcollins@example.net,463-353-6379x713,2021-06-05
C1698,Jennifer Wright,onealnicole@example.net,5844273462,2022-04-21
C1699,Michael Allen,ujones@example.com,+1-346-462-1125x0990,2022-01-28
C1700,Dawn Olson,kyle60@example.net,001-826-897-2823x121,2021-01-23
C1701,Ricky Mason,brenda89@example.net,717-305-2079x120,2022-11-25
C1702,Christina Kelly,lisa27@example.com,860.983.1291x890,2021-04-08
C1703,Michael Walton,tracy74@example.net,7808318016,2022-02-02
C1704,Anita Cain,woodsbryce@example.net,302-820-1598,2022-02-21
C1705,Elizabeth Watson,nancy65@example.com,+1-539-256-6960x66256,2021-09-09
C1706,Angel Guerra,cjohnson@example.org,(633)686-9064x5099,2022-02-15
C1707,Kurt Garcia,qhughes@example.org,+1-664-442-3450x1342,2022-09-27
C1708,Karen Leach,tammyhunt@example.net,448.524.3218x8862,2022-08-07
C1709,James Walker,scottjoseph@example.net,(205)731-5229x56538,2021-08-09
C1710,Bailey Foster,hrodriguez@example.org,687-269-5756x76269,2022-12-08
C1711,Anthony Smith,wrightrichard@example.com,714.729.7852,2022-01-28
C1712,Destiny Thomas,martinmatthew@example.org,+1-365-287-0844x4472,2022-03-31
C1713,Billy Merritt,debra29@example.net,3923711841,2021-11-30
C1714,Caleb Adams,kmacdonald@example.org,+1-854-246-1736,2021-02-24
C1715,David Clark,joshua94@example.org,3578186659,2022-11-26
C1716,Whitney Casey DDS,powellandrew@example.org,525.603.9536,2022-09-28
C1717,Eddie Mitchell,chelsey86@example.com,(521)323-9082x95104,2021-05-07
C1718,Alicia Ritter,amurphy@example.com,+1-629-616-6994x693,2021-11-22
C1719,Marilyn Williams,derrickcook@example.com,001-627-222-3908x8724,2022-01-18
C1720,Jacqueline Mooney,xford@example.net,(878)652-5392x1862,2021-07-17
C1721,Melanie Harvey,ashleydavenport@example.org,+1-676-507-0552x186,2021-10-29
C1722,Joseph Bennett,brettsanders@example.org,4937423597,2021-12-16
C1723,Laurie Edwards,jenniferrivera@example.org,001-614-752-9715x71527,2021-01-24
C1724,Maria Hall,gregory63@example.net,424-382-5466,2021-06-02
C1725,Darius Murphy,yolandacollins@example.org,+1-279-586-5405x66387,2021-07-19
C1726,Michael Swanson,chavezgregory@example.com,931.335.1091x53190,2022-04-10
C1727,Joanne Callahan,michael89@example.org,828.289.8263x56295,2021-01-10
C1728,Laura Garcia,osalinas@example.com,+1-844-937-2801x1840,2022-06-04
C1729,Thomas Brown,othomas@example.net,001-406-959-7634x619,2021-01-12
C1730,John Williams,danielfreeman@example.org,(940)484-7240x725,2021-03-04
C1731,Shelley Martin,rgraham@example.org,001-487-429-7746x366,2022-08-07
C1732,Linda Beltran,kyle16@example.org,733.406.6178,2021-06-08
C1733,Raymond Ross,wilsonjoe@example.com,(477)428-7527,2021-04-21
C1734,Thomas Molina,cervantesantonio@example.org,254.790.5365x56487,2022-02-27
C1735,Marcus Rice,swalker@example.net,6919569550,2021-02-02
C1736,Dr. Javier Griffin DDS,lopezarthur@example.com,242-742-4685x1733,2021-01-15
C1737,Marc Yang,hoopermichael@example.org,331-885-1802x858,2022-07-08
C1738,Patricia Cline DVM,codyscott@example.com,+1-746-953-8479x1820,2021-01-06
C1739,Michael Myers,rebecca82@example.org,001-401-497-2945x5715,2022-07-01
C1740,Rebecca Taylor,kellymatthew@example.net,416-579-8931x7413,2021-12-16
C1741,Kara Fowler,dylan82@example.net,435.305.0334x25605,2022-09-29
C1742,Teresa Knight,davisnicole@example.org,356-330-2975,2021-06-06
C1743,Christopher Williamson Jr.,darryl12@example.org,001-770-563-1014x79231,2022-05-25
C1744,Darren Miller,rachel81@example.org,790-752-6403x17770,2021-03-26
C1745,Christine Cordova,greenchristine@example.net,+1-813-243-4118x81024,2022-02-24
C1746,Stephanie Price,adamkim@example.com,+1-610-774-4648x306,2021-07-09
C1747,Nicole Skinner,abarnes@example.org,493.531.0972,2022-11-04
C1748,Victoria Morgan,fgrimes@example.net,780.902.7677x1752,2022-12-15
C1749,Andrea Boyd,garciaeric@example.com,+1-508-935-0489x734,2021-03-01
C1750,Joshua Walker,rhondaferguson@example.org,7304327250,2022-05-19
C1751,Chelsea King,dbernard@example.net,+1-381-561-0411,2021-01-10
C1752,Stephanie Greene,martinezrichard@example.net,881-857-5952,2022-06-02
C1753,Jeremy Fisher,rrobbins@example.net,001-211-379-6579x5182,2022-06-16
C1754,Mark Douglas,smithstephen@example.org,+1-784-560-2084x3080,2022-06-11
C1755,Stephanie Gray,amandacalderon@example.org,+1-537-281-2226x2070,2021-07-22
C1756,Brittany Wilson,zhughes@example.com,+1-374-605-7962x429,2021-12-22
C1757,Sara Phillips,stephen75@example.com,+1-553-640-3630x33991,2022-07-07
C1758,Rachel Francis,xscott@example.org,(322)927-6205,2022-03-23
C1759,Richard Cowan DVM,ujones@example.com,424-520-7958,2022-12-09
C1760,Jessica Hall,dsolis@example.net,785.346.0026x2659,2022-06-08
C1761,Sara Roberts,chungjulie@example.org,(868)467-4848,2022-02-19
C1762,James Garcia,hancockdenise@example.com,001-231-648-4202x338,2021-06-29
C1763,Haley Johnson,allenmallory@example.org,370-826-5967x6244,2022-03-31
C1764,Wendy Bowen,nancymaddox@example.net,8402044047,2021-09-19
C1765,Bryan Rice,ehunt@example.org,(578)826-9286,2021-05-10
C1766,Ethan Frazier,yshepard@example.com,(555)739-4421,2022-01-28
C1767,Christopher Hill,williammartin@example.net,+1-727-377-4483x40525,2022-03-19
C1768,Oscar Williams,vanessajones@example.net,343-621-1476x801,2022-10-01
C1769,Lynn Fox,maxwellsarah@example.net,001-844-390-7707,2022-05-12
C1770,Cynthia Keller,daustin@example.com,850.784.1589,2021-08-12
C1771,Sharon Willis,sabrinarodriguez@example.org,(371)797-7318,2022-12-13
C1772,Robert Pitts,brittany37@example.net,232-539-8281x0976,2021-06-20
C1773,Sarah Nelson,kyle37@example.net,461.528.2646x31128,2021-11-20
C1774,Margaret Doyle,daviswilliam@example.org,624-989-4970x245,2021-08-05
C1775,Vanessa Howard,hbryant@example.net,932-518-0395x9948,2021-11-11
C1776,Sandra Williams,ryan31@example.net,001-590-474-8834,2022-05-24
C1777,Erika Brewer,james41@example.com,564-418-4004x971,2021-08-17
C1778,Mark Carter,shernandez@example.org,8789079587,2021-05-02
C1779,Jeanette Jennings,melindaochoa@example.org,(527)204-9929,2021-04-01
C1780,Edward Stone,lewisrebecca@example.com,244-677-4726x2405,2022-07-09
C1781,Ralph Martinez,kenneth95@example.org,431-711-7135x510,2021-12-22
C1782,Keith Wright,stephaniecarr@example.net,001-284-916-6049x97608,2022-04-19
C1783,April Blankenship,chelsea69@example.org,4827370876,2022-07-27
C1784,Victoria Allen,louis00@example.com,597-765-8666,2022-06-09
C1785,Rachel Yates,matthew43@example.org,3429393465,2021-05-05
C1786,Steven Lin,datkinson@example.com,+1-515-792-4963x367,2022-09-15
C1787,Angela Armstrong,conniegraves@example.net,564-826-2338x6766,2021-08-15
C1788,Austin Barnes,sylvia75@example.org,995-666-1254x541,2022-01-06
C1789,Shelley Lamb,mikebarker@example.com,584.308.3756x78163,2021-07-13
C1790,Brandi Joyce,barbara77@example.com,217.498.9777,2022-08-11
C1791,Jeremy Khan,ebrown@example.com,(274)643-0744,2021-07-08
C1792,Melissa Mitchell DDS,sylviawilson@example.com,+1-687-697-5970x8109,2021-09-24
C1793,Gregory Macdonald,coxjoseph@example.org,989-960-0255x781,2021-03-13
C1794,Crystal Johnson,wintersjoshua@example.net,9892146820,2022-06-19
C1795,Jeffery Turner,henryjohnson@example.com,+1-595-660-9473,2022-01-11
C1796,Crystal Sanchez,martinezpaul@example.com,+1-558-299-1836,2022-10-09
C1797,Deanna Moore,whawkins@example.com,+1-374-252-3475x3858,2022-09-03
C1798,Amanda Williams,jackchapman@example.com,421.909.3282x4868,2022-03-03
C1799,Spencer Park,ajones@example.com,663.606.4668x52999,2021-11-13
C1800,Aaron Hoffman,eward@example.net,001-381-553-5606x686,2021-02-15
C1801,Nicholas Erickson,michelle33@example.net,(443)428-5851,2021-07-12
C1802,Lisa Kent,pward@example.com,(697)548-0820,2021-06-13
C1803,Joshua Parker,xgray@example.com,(838)562-6050,2022-06-06
C1804,Janice Salazar,foxjason@example.org,(920)627-8226x078,2022-10-17
C1805,Kimberly Doyle,diane99@example.org,810.430.5162x3671,2021-04-13
C1806,Christina Carter,mwalker@example.com,(801)503-3881x60274,2022-09-14
C1807,Natalie Foster,serranodon@example.com,546-233-4803x291,2022-01-12
C1808,Brittany Perez,kathleen88@example.com,476-893-7702x3673,2022-08-31
C1809,Jasmine Pace,williamsrhonda@example.com,+1-404-923-7523,2022-09-16
C1810,Amanda Green,kaylalee@example.net,+1-323-788-3216x984,2021-04-28
C1811,Margaret Gonzalez,deanfrancis@example.com,001-617-255-3597x64420,2022-12-28
C1812,James Hernandez,tperez@example.net,950-658-5955x09113,2021-07-26
C1813,Colleen Whitaker,otaylor@example.net,4423634272,2021-10-16
C1814,Tammy Roberts,iperez@example.com,001-481-561-6526,2021-08-26
C1815,Teresa Zimmerman,martinezjonathan@example.com,608.443.2531x442,2021-11-08
C1816,Erika Chavez,mbrown@example.com,001-891-766-4314x945,2022-06-30
C1817,Anna Walters,derekkelly@example.com,699.357.9435x10963,2021-10-13
C1818,Rodney Bishop,tracie80@example.net,539-351-2549x477,2021-06-20
C1819,Barbara Hill,grosscatherine@example.net,9079596813,2021-02-10
C1820,Jessica Martinez MD,qross@example.com,653.976.2031x5457,2022-01-16
C1821,Courtney West,freemancynthia@example.org,677.312.2541,2021-08-24
C1822,David Cohen,usmith@example.net,474.925.9446,2021-08-10
C1823,Elizabeth Robertson,elizabeth08@example.net,500.574.0717x47986,2022-07-25
C1824,Mr. Ryan Padilla,chenkelsey@example.org,+1-489-762-3864x470,2021-07-10
C1825,Mary Miller,tracyduncan@example.net,551.982.1031,2021-12-05
C1826,Brandon Beck,james05@example.net,(913)298-0774,2021-05-07
C1827,Troy Hays,lambnicole@example.com,001-408-978-8440x387,2021-06-12
C1828,Cynthia Thompson,margaretparker@example.org,961.682.3370x191,2022-04-18
C1829,Tara Foster,hamiltonthomas@example.com,715-829-0136x934,2022-05-27
C1830,Laura Drake,brownsheri@example.org,001-465-830-7252x97659,2021-10-26
C1831,Christopher Hatfield,erica28@example.org,808.542.3676x300,2021-01-17
C1832,Denise Curry,watkinskristin@example.net,(492)644-4165,2021-12-29
C1833,Victoria Banks,nicolearnold@example.net,786.980.7149,2022-05-05
C1834,Ricardo Conrad,rachel86@example.org,+1-956-768-0155x2905,2021-03-16
C1835,Samuel Hudson,justinflores@example.org,699-758-2343x4180,2022-12-13
C1836,Craig Schneider,michelle88@example.net,743.765.3689,2021-03-17
C1837,Mr. Charles Phillips,tuckersierra@example.org,(997)944-0501x55888,2022-06-22
C1838,Amanda Howe,gordonalexandra@example.com,(261)224-0715,2021-08-31
C1839,Mr. Jeff Carter,dustin00@example.net,282.347.8974,2022-08-19
C1840,Michael Mitchell,tylerdenise@example.org,808.710.7477x31906,2021-11-09
C1841,Robert White,amykhan@example.net,4382046612,2022-03-03
C1842,Shane Castro,gail32@example.org,(919)433-7759x9887,2021-06-16
C1843,Kimberly Ware,wilsontimothy@example.net,6323062840,2021-10-24
C1844,Tiffany Anderson,deckertimothy@example.org,+1-277-226-3031x0744,2021-01-18
C1845,Andrew Duke,peter21@example.net,(756)228-1585x22805,2022-06-14
C1846,Lee Ramirez,brian71@example.net,518-889-9722x38932,2022-03-05
C1847,Rebecca Mccoy,agray@example.net,(503)855-3937x1997,2021-10-30
C1848,William Clark,joshua96@example.org,460.747.8265,2021-01-11
C1849,Donna Boyd,darrenarmstrong@example.org,462-866-7325,2022-10-05
C1850,Gregory Chung,brett87@example.com,568-285-7452x8473,2022-01-09
C1851,Kelly Shelton,ericarose@example.net,(384)460-4621x1521,2022-05-22
C1852,Brian Booker,tthomas@example.org,+1-938-828-9761,2021-03-10
C1853,Tammy Butler,blynch@example.org,796.469.0345x15337,2022-12-12
C1854,Diana Owens,sherri20@example.org,(551)574-9930x590,2021-12-27
C1855,Leah Price,marciacastro@example.org,(450)525-9567,2021-08-26
C1856,Teresa Hammond,anapatterson@example.org,518.289.1529,2021-09-15
C1857,John Pacheco,catherinestewart@example.org,001-735-348-5598x8261,2022-07-04
C1858,Kelli Meyers,ecurry@example.net,495-834-6324x15153,2021-05-11
C1859,Valerie Wilson,higginsjoyce@example.com,911.283.2097x66669,2021-11-15
C1860,Taylor Crawford,lsmith@example.com,(217)655-1770x82599,2021-05-21
C1861,Larry Haynes,carterkaren@example.org,617.755.3297,2022-05-01
C1862,Timothy Shaw,randrews@example.org,401-964-2690x31655,2022-11-26
C1863,Brianna Blair,whitekristine@example.com,715.575.6291x5078,2021-05-17
C1864,Jason Johns,emily77@example.net,525.687.1382x440,2021-04-14
C1865,Jennifer Lang,cbradley@example.com,692-458-4738x494,2021-12-04
C1866,Kristin Russell,barbaraglenn@example.net,+1-699-909-6146x430,2021-12-13
C1867,Frank Barnes,juanmarquez@example.net,+1-981-272-2946x911,2021-12-28
C1868,Colleen Brown,obarnes@example.com,225.546.7222x813,2022-01-09
C1869,Jonathan Orozco,kaylee84@example.com,889.230.1703x47744,2022-08-29
C1870,James Walker,brandon10@example.net,001-628-841-5523x321,2021-10-29
C1871,Stephen Cordova,jchen@example.org,982-845-6847x59378,2021-11-28
C1872,Brian Mcbride,scottdaniel@example.net,+1-287-429-9700x87327,2022-12-12
C1873,Brooke Thompson,nwilson@example.org,001-577-992-5813x38934,2021-08-25
C1874,Suzanne Stephens,elaine88@example.org,644-726-7263,2021-09-18
C1875,Connie Bradley,salaskayla@example.net,4963932481,2022-06-20
C1876,Thomas Brown,newmandarius@example.org,+1-346-772-6472x60671,2022-03-05
C1877,Joseph Clark,dchaney@example.net,001-411-227-3440x657,2021-09-09
C1878,Travis Morgan,jenniferfry@example.org,001-619-591-8544x95360,2022-02-02
C1879,Christopher Williams,williamsstephanie@example.com,+1-721-702-9961,2022-06-17
C1880,Tim Myers,hugheschristina@example.net,546.261.9585,2022-07-07
C1881,Thomas Townsend,carloscook@example.net,953-272-2936x960,2021-04-03
C1882,Michelle Roach,ysanchez@example.org,520-340-7236x607,2022-06-16
C1883,Bryan Mcbride,timothy93@example.net,001-997-561-3385,2022-03-19
C1884,Ashley Peterson,patriciabutler@example.org,(651)228-8671,2022-05-05
C1885,Diane Brown,ojones@example.com,001-635-275-5951x24462,2022-12-03
C1886,Jasmine King,nelsonmark@example.com,+1-975-741-4462x5344,2022-05-28
C1887,Chelsea Ward,randallmatthew@example.com,+1-342-441-7630x24813,2022-03-22
C1888,Bethany Palmer,wmoore@example.net,3998420446,2022-06-15
C1889,Gary Rowe,andrewbaker@example.org,001-558-859-5899x3567,2021-04-29
C1890,Lisa Delacruz,angelalewis@example.net,214-872-0001,2021-08-30
C1891,Joseph Pham,terrygary@example.net,765-728-9420,2021-03-30
C1892,Samuel Huynh,susan99@example.com,001-757-958-6981,2021-09-15
C1893,Matthew York,david54@example.net,(900)602-8591x40528,2022-06-30
C1894,Scott Martinez,ashleywebster@example.org,2804777583,2022-01-24
C1895,Regina Mcdonald,megan99@example.org,759.926.4028,2021-04-24
C1896,Shannon Hanson,phillipsnathan@example.org,484.962.3041x07255,2022-08-12
C1897,Nicholas Hickman,charlotte80@example.net,282-608-8299x363,2021-01-11
C1898,Anthony Davis,vanessa77@example.com,+1-396-662-3152x19268,2021-12-15
C1899,Jerry Martin,christina39@example.org,001-493-422-4253x101,2022-04-23
C1900,Dale Riggs,emilykline@example.org,420-396-8380x7097,2021-12-17
C1901,Desiree Watson,obishop@example.net,+1-364-275-8387x019,2022-06-26
C1902,Megan Hall,rosskyle@example.org,954.970.4157,2021-04-30
C1903,Natalie Jones,stevensmith@example.org,001-356-512-6622,2022-03-28
C1904,Jacqueline Carr,william90@example.com,+1-964-440-2022x353,2021-04-09
C1905,Autumn Cain,dbradford@example.com,5002499860,2021-11-07
C1906,Sean Hanson,josephelizabeth@example.net,2998137989,2021-08-07
C1907,Angel Wilcox,smitchell@example.net,301.567.3652x65726,2021-06-09
C1908,Deanna Moore,kirbymegan@example.net,+1-533-508-4194,2022-10-25
C1909,Jessica James,tiffany74@example.net,+1-238-403-7089x720,2021-03-01
C1910,Denise Baker,jordanivan@example.com,001-641-981-5823x3491,2022-01-10
C1911,Shirley Howell,lbrooks@example.net,680.355.0876,2021-05-07
C1912,Ashley Johnson,bradyjennifer@example.org,(742)367-0418,2022-10-06
C1913,Sarah Russell,lhall@example.com,(986)417-2180x5940,2022-04-01
C1914,Amanda Meyer,jeremy69@example.com,628-939-6015,2022-11-17
C1915,Jesse Logan,barrettandrew@example.com,(584)789-8679x3826,2021-06-08
C1916,Rhonda Porter,vvillanueva@example.net,(510)869-6614x09460,2021-12-26
C1917,Matthew Williams,cjackson@example.net,+1-400-882-9496x822,2022-02-03
C1918,Wendy Hardy,justinriley@example.org,(286)773-1165x057,2021-03-18
C1919,Michele Jenkins MD,garymyers@example.org,569.625.6097x81026,2021-08-23
C1920,Theresa Flores,molinatrevor@example.org,(453)757-1925x856,2021-09-05
C1921,Peter Barton,jamesrhonda@example.com,203.439.4190x35855,2021-06-10
C1922,Justin Tyler,william69@example.net,807-651-2278,2021-02-09
C1923,Kaitlin Ruiz,ryan34@example.net,001-835-837-0036,2022-05-11
C1924,Walter Miles MD,simpsondeborah@example.net,345.310.2526,2021-08-13
C1925,Jonathan Kaiser,hicksnicholas@example.org,(864)821-7387,2022-07-17
C1926,James Lang,michaelnorris@example.org,324.530.3324,2022-04-26
C1927,Barbara Benton,samantha09@example.org,405-808-1244x1469,2022-08-31
C1928,Patricia Sanchez,keith60@example.net,736-929-6015x03095,2021-06-02
C1929,Kristin Odom,hudsonnicole@example.net,896-962-4573,2022-06-26
C1930,Crystal Case,brandonboyd@example.com,528.332.4933x728,2022-04-13
C1931,Christian Mclean,daniel32@example.org,804-497-6139,2022-02-17
C1932,Donald Murray,fsmith@example.net,473-223-4119x9255,2022-11-09
C1933,Destiny Hodge,thomasmartin@example.net,+1-275-817-2964,2021-07-01
C1934,Robert Byrd,brittany46@example.org,+1-288-420-2912x77487,2022-02-09
C1935,Gabriela Allison,heatherholmes@example.org,716.493.0917,2022-08-24
C1936,Jason Harper MD,carpentermike@example.net,(896)522-8070x5812,2022-06-03
C1937,Destiny Kelley,peterbrown@example.net,001-342-865-3254,2021-08-30
C1938,Zachary Humphrey,davidwilliams@example.org,+1-903-534-2212x0240,2022-04-15
C1939,Ryan Martinez,andersongregory@example.net,(792)219-3794x68890,2022-02-21
C1940,Kathryn Johnson,kimberly14@example.net,(335)771-6402,2022-05-11
C1941,Derrick Williamson,tdoyle@example.org,539-760-5533x65829,2022-05-22
C1942,Mitchell Ortega,moranamy@example.com,+1-828-404-9288x932,2022-12-08
C1943,Melissa Henson,mharris@example.net,+1-877-699-7505x78744,2022-08-21
C1944,Alex Rodriguez,sandy23@example.org,+1-324-494-3515x518,2021-07-08
C1945,Steven Fowler,wallacerebecca@example.net,001-809-887-4775x61380,2021-08-09
C1946,Nicole Anderson,james76@example.org,538-723-5984,2021-04-05
C1947,Jennifer Davis,michaelchambers@example.net,304.566.7492,2021-11-08
C1948,Tiffany Mcclain,paynealexander@example.com,403.585.0821x1472,2022-01-03
C1949,Neil Long,scott64@example.com,408-652-4948x29695,2021-09-10
C1950,Jasmine Rojas,greenmichael@example.com,(686)586-9287x4394,2021-05-30
C1951,Vicki Phillips,adam44@example.net,318-891-4025,2021-07-17
C1952,Jacqueline Edwards,ajennings@example.net,813-565-0031,2022-02-17
C1953,Amy Chambers,brittany24@example.com,289.381.1589,2022-08-25
C1954,Ryan Chaney,rhonda03@example.net,9284889964,2022-12-04
C1955,Natasha Adams,ashley58@example.org,+1-951-483-9486,2022-09-04
C1956,Nicholas Bond,rebekahblack@example.com,309.879.3833,2022-09-17
C1957,Roberto Baker,hernandezbrent@example.com,(797)717-4273x56695,2021-11-05
C1958,Timothy Kim,rlong@example.org,612-424-6339x75879,2022-05-12
C1959,Adrian Morales,nathaniel23@example.net,+1-284-418-1678x315,2022-08-12
C1960,Holly Cooper,ndiaz@example.org,+1-938-610-7169x080,2022-07-01
C1961,Renee Arnold,blakepaul@example.org,525.317.1308x6903,2022-09-28
C1962,Richard Strong,harold15@example.com,001-853-855-2679x02798,2021-05-06
C1963,Colin Harrell,rpratt@example.com,+1-772-737-9065x1266,2021-04-20
C1964,John Williams,stephenlawson@example.net,7524318893,2021-03-06
C1965,Ryan Thompson,kvargas@example.net,611-659-5193x7021,2022-07-30
C1966,April Wise,thomasjoshua@example.org,001-518-619-7122x554,2022-11-16
C1967,Dana Adams,anahanna@example.org,001-884-609-2469x040,2021-11-05
C1968,Edward Pena,qgriffin@example.org,001-849-929-9709,2021-12-05
C1969,Melanie Riggs,matthew50@example.net,354.558.5998,2021-05-05
C1970,Jason Parks,nsantiago@example.org,(703)267-4519x453,2022-09-09
C1971,John Lucas,xbrooks@example.com,(811)320-7882x6989,2022-11-10
C1972,Angela Nguyen,lisa42@example.net,001-694-403-1658x409,2021-03-11
C1973,Mrs. Kimberly Cordova,brandonrodriguez@example.org,001-658-368-9382,2022-09-12
C1974,Audrey Nelson,maria84@example.com,+1-402-254-4623x1814,2021-03-08
C1975,Eric Smith,erikahunt@example.org,6706917010,2022-02-01
C1976,Christopher Long,tracy46@example.net,500.685.0689x641,2022-03-17
C1977,Molly Murray,gregthomas@example.net,+1-406-575-3298x3510,2022-11-05
C1978,Ashley Schmidt,alexander66@example.org,(964)345-7923,2022-06-16
C1979,Lynn Jackson,icampos@example.com,889-783-0271x2853,2022-06-25
C1980,Erica Richard,nicholasalvarez@example.net,001-262-493-4396,2021-01-13
C1981,Gary Phillips,kimberlyrogers@example.org,001-929-453-7992x24693,2021-06-14
C1982,Sonya Miranda,thomasmcdonald@example.org,001-265-286-8730x5215,2021-10-13
C1983,Louis Ramirez,pagejoshua@example.net,(537)665-5232x8344,2021-02-19
C1984,Kimberly Hernandez,robertwatkins@example.com,588-590-3451,2021-12-04
C1985,Ryan Smith,ischwartz@example.com,303-920-5381x13551,2021-06-06
C1986,Donna Harper,williamfarmer@example.com,+1-241-398-9667x472,2021-05-19
C1987,Jimmy Nelson,mshaw@example.org,(507)797-6830,2021-03-24
C1988,Mary Harper,yrodriguez@example.net,+1-247-852-6378,2022-06-09
C1989,Kyle Maynard,tfreeman@example.net,001-994-647-0361x068,2022-07-21
C1990,Wanda Daniel,dweaver@example.org,4384495748,2021-06-15
C1991,Debra Morgan,sarah91@example.org,(695)440-5770,2022-09-18
C1992,Brandy Ward,christina76@example.org,272.584.0143,2021-11-16
C1993,Cynthia Baker,marvin07@example.org,2408179304,2022-04-06
C1994,Mark Jones,rebecca42@example.com,912.518.3156,2022-01-29
C1995,Jeffrey Burke,iburgess@example.net,500-458-8631,2021-01-17
C1996,Zachary Kennedy,william87@example.org,(219)672-5330,2022-02-18
C1997,Alejandro Watson,phoffman@example.com,(448)656-2230,2021-10-29
C1998,Fred Ramsey,markpayne@example.com,684.288.9963,2021-01-14
C1999,Jacob Richardson,mcooper@example.net,679-691-7878x7404,2021-10-12
